{
    "Gg": [
        52.164155,
        21.070732
    ],
    "Gggh": [
        52.164144,
        21.068119
    ]
}