{
    "Pulawska": [
        52.164135,
        21.068156
    ],
    "Holcim": [
        52.168258,
        21.074548
    ]
}