{
    "Mangalia": [
        52.186135,
        21.047662
    ],
    "Property": [
        52.164572,
        21.067747
    ]
}